Term,Original Definition,Published Definition,Publish to DevHub,Category,Team Source - Temp,Source,Verified Definition,Comments
Application Programming Interface (API),An Application Programming Interface (API) is a software-to-software interface that provides a secure and standardized way for applications to communicate with each other to deliver requested data without user intervention.,An Application Programming Interface (API) is a software-to-software interface that provides a secure and standardized way for applications to communicate with each other to deliver requested data without user intervention.,Yes,API,APS,https://developer.gov.bc.ca/docs/default/component/aps-infra-platform-docs/reference/glossary/,Yes,
Authoritative Data,"Data located in any repository system that is recognized through governance, law, or common acceptance as the source of origin for accurate data on a specific topic. Authoritative Data may be stored or referenced in a Data Register. ","Data located in any repository system that is recognized through governance, law, or common acceptance as the source of origin for accurate data on a specific topic. Authoritative Data may be stored or referenced in a Data Register. ",Yes,,ADR,https://www2.gov.bc.ca/gov/content?id=706EBC0C26B146EBB8641813DB32946B,Yes,
Authoritative Data Directory,The publicly accessible list of datasets that are designated authoritative through corporate data governance process. This information is published in the BC Data Catalogue.,The publicly accessible list of datasets that are designated authoritative through corporate data governance process. This information is published in the BC Data Catalogue.,Yes,,ADR,https://Data Register Standard,Yes,Cross check latest DR Standard definition.
Critical System,"Any IM IT service, system, or infrastructure component that is deemed necessary by the System Owner to deliver a Mission Critical Function.","Any IM IT service, system, or infrastructure component that is deemed necessary by the System Owner to deliver a Mission Critical Function.",Yes,,ADR,https://www2.gov.bc.ca/assets/gov/government/services-for-government-and-broader-public-sector/information-technology-services/standards-files/510_critical_systems_standard_v30.pdf,Yes,
Data,"The smallest meaningful units of recorded information generated by an organization, which gain significance when stored in a structured manner that enables them to be synthesized and interpreted.","The smallest meaningful units of recorded information generated by an organization, which gain significance when stored in a structured manner that enables them to be synthesized and interpreted.",Yes,,Catalogue,https://www2.gov.bc.ca/gov/content?id=32A530E73D344273B378A7B0B5DF2916,Yes,
Data Register,"A set of data that contains Authoritative Data and follows a specific standard to ensure quality, interoperability, and data sharing. ","A set of data that contains Authoritative Data and follows a specific standard to ensure quality, interoperability, and data sharing. ",Yes,,ADR,https://www2.gov.bc.ca/gov/content?id=706EBC0C26B146EBB8641813DB32946B,Yes,
Data Custodian,"For the data assigned to them, data custodians provide oversight throughout its lifecycle; ensure intended users of the data are supported and trained appropriately; and the data meets the requirements of applicable laws, policies, and standards.","For the data assigned to them, data custodians provide oversight throughout its lifecycle; ensure intended users of the data are supported and trained appropriately; and the data meets the requirements of applicable laws, policies, and standards.",Yes,,Catalogue,https://www2.gov.bc.ca/gov/content?id=706EBC0C26B146EBB8641813DB32946B,Yes,
Data Quality,"A measure of the data’s reliability, including its accuracy, completeness, timeliness, consistency, validity, uniqueness, and interoperability. ","A measure of the data’s reliability, including its accuracy, completeness, timeliness, consistency, validity, uniqueness, and interoperability. ",Yes,,ADR,https://www2.gov.bc.ca/gov/content?id=706EBC0C26B146EBB8641813DB32946B,Yes,
Connected Services Data Dictionary,The centralized repository documenting technical metadata for Connected Services data elements. ,The centralized repository documenting technical metadata for Connected Services data elements. ,Yes,,ADR,https://Data Register Standard,Yes,
Minimum Viable Dataset,"A Minimum Viable Dataset (MVD) contains only data essential to its purpose.  For example, a Parks Names data register only contains data about park names (official name, legal name, pronunciation) and no other park data.","A Minimum Viable Dataset (MVD) contains only data essential to its purpose.  For example, a Parks Names data register only contains data about park names (official name, legal name, pronunciation) and no other park data.",Yes,,ADR,https://Data Register Standard,Yes,
Registrar,A Data Custodian that is responsible for one or more data registers. ,A Data Custodian that is responsible for one or more data registers. ,Yes,,ADR,https://Data Register Standard,Yes,
System of Record,"The authoritative source where data for a specific domain is created/collected, maintained, and shared. ","The authoritative source where data for a specific domain is created/collected, maintained, and shared. ",Yes,,ADR,https://Data Register Standard,Yes,
Data Catalogue,"A data catalogue is a listing of data in an organization (e.g., B.C. Data Catalogue) that is designed to help data users quickly find appropriate data for any analytical or business purpose.",,No,,Catalogue,https://www2.gov.bc.ca/gov/content?id=706EBC0C26B146EBB8641813DB32946B,Yes,RJS 02/23: Can this definition & BC Data Catalogue definition be combined?
Access Control,"Access control is a set of security measures that regulate who can access a system, services, data, or resource. Access control policies use authentication and authorization to verify users and enable access.","Access control is a set of security measures that regulate who can access a system, services, data, or resource. Access control policies use authentication and authorization to verify users and enable access.",Yes,API,"APS,EFV",https://developer.gov.bc.ca/docs/default/component/aps-infra-platform-docs/reference/glossary/,Yes,
Access Token,Access tokens enable clients to securely call protected APIs. The APIs use the access tokens to perform authentication and authorization. The information in the access token verifies that a user is entitled to access an API.,Access tokens enable clients to securely call protected APIs. The APIs use the access tokens to perform authentication and authorization. The information in the access token verifies that a user is entitled to access an API.,Yes,API,APS,https://developer.gov.bc.ca/docs/default/component/aps-infra-platform-docs/reference/glossary/,Yes,
API Consumer,Organizations that integrate application programming interfaces into their business applications.,Organizations that integrate application programming interfaces into their business applications.,Yes,API,APS,https://developer.gov.bc.ca/docs/default/component/aps-infra-platform-docs/reference/glossary/,Yes,Maybe needs to be included in DevHub.
API Directory,Our API Directory is a centralized repository where API Providers can securely publish their APIs. API Consumers can find and request access to published APIs for integration in the API Directory.,Our API Directory is a centralized repository where API Providers can securely publish their APIs. API Consumers can find and request access to published APIs for integration in the API Directory.,Yes,API,APS,https://developer.gov.bc.ca/docs/default/component/aps-infra-platform-docs/reference/glossary/,Yes,
API Gateway,"A technology platform that acts as a single entry point for multiple application programming interfaces, managing requests, routing, security, and other operations, simplifying and centralizing API management.","A technology platform that acts as a single entry point for multiple application programming interfaces, managing requests, routing, security, and other operations, simplifying and centralizing API management.",Yes,API,APS,https://developer.gov.bc.ca/docs/default/component/aps-infra-platform-docs/reference/glossary/,Yes,
API Key,A unique identifier used to authenticate a client application accessing an API. The API Key is included in each API request and used to identify the application and authorize the request.,A unique identifier used to authenticate a client application accessing an API. The API Key is included in each API request and used to identify the application and authorize the request.,Yes,API,APS,https://developer.gov.bc.ca/docs/default/component/aps-infra-platform-docs/reference/glossary/,Yes,
API Program Services Team,API Program Services (APS) is the team responsible for delivering services that enable ongoing access to public sector data by providing support for managing APIs in B.C. Government. APS ensures the efficient management of APIs through the API Services Portal.,,No,API,APS,https://developer.gov.bc.ca/docs/default/component/aps-infra-platform-docs/reference/glossary/,Yes,"RJS 02/23: This is a team description, can be removed. "
API Provider,"An API Provider, usually a developer, is someone who creates, publishes, operates, and maintains APIs in the API Services Portal.","An API Provider, usually a developer, is someone who creates, publishes, operates, and maintains APIs in the API Services Portal.",Yes,API,APS,https://developer.gov.bc.ca/docs/default/component/aps-infra-platform-docs/reference/glossary/,Yes,
Authentication,"Authentication is a security process for verifying the identity of a user or device before allowing access to a system, resource, or function. Authentication validates that a user or system is who they claim to be.","Authentication is a security process for verifying the identity of a user or device before allowing access to a system, resource, or function. Authentication validates that a user or system is who they claim to be.",Yes,General,APS,https://developer.gov.bc.ca/docs/default/component/aps-infra-platform-docs/reference/glossary/,Yes,
Authorization,"Authorization is a security process for providing a user or device with access to a requested system, resource, or function based on permissions. Authorization is provided only after a user or device has been authenticated.","Authorization is a security process for providing a user or device with access to a requested system, resource, or function based on permissions. Authorization is provided only after a user or device has been authenticated.",Yes,"API,Security",APS,https://developer.gov.bc.ca/docs/default/component/aps-infra-platform-docs/reference/glossary/,Yes,
Client,"In the context of an API, a client refers to a software application or system that accesses the functionality provided by the API. Clients send requests to and receive responses from the API.","In the context of an API, a client refers to a software application or system that accesses the functionality provided by the API. Clients send requests to and receive responses from the API.",Yes,API,APS,https://developer.gov.bc.ca/docs/default/component/aps-infra-platform-docs/reference/glossary/,Yes,
Client Secret,"A confidential code shared between a client application and the authorization server to generate an access token. Used in an OAuth Client Credentials flow, which enhances security by validating client identity.","A confidential code shared between a client application and the authorization server to generate an access token. Used in an OAuth Client Credentials flow, which enhances security by validating client identity.",Yes,API,APS,https://developer.gov.bc.ca/docs/default/component/aps-infra-platform-docs/reference/glossary/,Yes,
Gateway,"A Gateway is the top-level entity in the API Services Portal. It is a collection of Kong Gateway Services and Routes, generally managed by a single team or business unit.","A Gateway is the top-level entity in the API Services Portal. It is a collection of Kong Gateway Services and Routes, generally managed by a single team or business unit.",Yes,API,APS,https://developer.gov.bc.ca/docs/default/component/aps-infra-platform-docs/reference/glossary/,Yes,
Gateway Service,"A Gateway Service represents an external upstream API or microservice consisting of a URL, which listens for incoming requests.","A Gateway Service represents an external upstream API or microservice consisting of a URL, which listens for incoming requests.",Yes,API,APS,https://developer.gov.bc.ca/docs/default/component/aps-infra-platform-docs/reference/glossary/,Yes,
Kong Gateway,"Kong Gateway is an open-source, cloud-native API gateway. It is the centralized entry point for managing and securing APIs, and controlling access, traffic, and data transformation. When API Providers configure API Gateways for their services, these Gateways are enforced through Kong.","Kong Gateway is an open-source, cloud-native API gateway. It is the centralized entry point for managing and securing APIs, and controlling access, traffic, and data transformation. When API Providers configure API Gateways for their services, these Gateways are enforced through Kong.",Yes,API,APS,https://developer.gov.bc.ca/docs/default/component/aps-infra-platform-docs/reference/glossary/,Yes,
Namespace,"Renamed ""Gateway"" in version 3. A Gateway is the top-level entitiy in the API Services Portal. It is a collection of Kong Gateway Services and Routes, generally managed by a single team or business unit.",,No,API,APS,https://developer.gov.bc.ca/docs/default/component/aps-infra-platform-docs/reference/glossary/,No,
Organization Administrator,An Organization Administrator (Org Admin) is the user responsible for monitoring and managing all APIs for a specific organization on the API Services Portal. The Org Admin’s primary responsibility is to allow an API provider to publish an API to the API Directory.,,No,API,APS,https://developer.gov.bc.ca/docs/default/component/aps-infra-platform-docs/reference/glossary/,Yes,RJS 02/24: Again this is a user role. Should it exist here?
Publish (API),Publishing APIs is the process by which an API Provider makes their API publicly available in the API Directory for discovery by API Consumers.,Publishing APIs is the process by which an API Provider makes their API publicly available in the API Directory for discovery by API Consumers.,Yes,"API,SDX",APS,https://developer.gov.bc.ca/docs/default/component/aps-infra-platform-docs/reference/glossary/,Yes,
Rate Limit,"A way to restrict how many times a user, bot, or application can access an API in a given timeframe. Rate limiting is important for preventing malicious attacks.","A way to restrict how many times a user, bot, or application can access an API in a given timeframe. Rate limiting is important for preventing malicious attacks.",Yes,API,APS,https://developer.gov.bc.ca/docs/default/component/aps-infra-platform-docs/reference/glossary/,Yes,
Role,A role is a group of predefined access permissions assigned to a user.,,No,General,,https://developer.gov.bc.ca/docs/default/component/aps-infra-platform-docs/reference/glossary/,No,
Route,A route is a means of exposing a service to users. It is the path used to send requests to its respective service after reaching the Gateway. A single service can have multiple routes.,A route is a means of exposing a service to users. It is the path used to send requests to its respective service after reaching the Gateway. A single service can have multiple routes.,Yes,API,APS,https://developer.gov.bc.ca/docs/default/component/aps-infra-platform-docs/reference/glossary/,Yes,
Scope,"Scope is a method used to specify authorization, or a set of permissions that grant access to specified systems and actions. Scopes can be applied to both users and service accounts. For example, the API Gateway Namespace. View scope allows read-only access to a namespace; therefore, a user with Namespace. View cannot approve API access requests. To approve an API access request, the user requires the Access. Manage scope, which gives permission to approve or reject access requests. ","Scope is a method used to specify authorization, or a set of permissions that grant access to specified systems and actions. Scopes can be applied to both users and service accounts. For example, the API Gateway Namespace. View scope allows read-only access to a namespace; therefore, a user with Namespace. View cannot approve API access requests. To approve an API access request, the user requires the Access. Manage scope, which gives permission to approve or reject access requests. ",Yes,API,APS,https://dpdd.atlassian.net/wiki/spaces/POSM/pages/1389330560/APS+Terminology+Glossary+-+2026,Yes,
Shared IdP,"An Identity Provider (IdP) is a service that stores, maintains, and manages digital identities to authenticate users logging into an application. The API Services Portal uses a Shared IdP, which is a centralized B.C. Government IdP (SSO Gold-tier Keycloak cluster) that manages credentials and user access. The Shared IdP enables entities (APIs, applications, websites, and services) to access secured digital identities to control authentication and authorization. By using a Shared IdP, the API Services Portal enables API providers to delegate the responsibility of authentication and authorization to their chosen IdP (including IDIR, B.C. Services Card, GitHub ID).","An Identity Provider (IdP) is a service that stores, maintains, and manages digital identities to authenticate users logging into an application. The API Services Portal uses a Shared IdP, which is a centralized B.C. Government IdP (SSO Gold-tier Keycloak cluster) that manages credentials and user access. The Shared IdP enables entities (APIs, applications, websites, and services) to access secured digital identities to control authentication and authorization. By using a Shared IdP, the API Services Portal enables API providers to delegate the responsibility of authentication and authorization to their chosen IdP (including IDIR, B.C. Services Card, GitHub ID).",Yes,API,APS,https://developer.gov.bc.ca/docs/default/component/aps-infra-platform-docs/reference/glossary/,Yes,
API Secret,The API Secret is a software-level credential (password) used to securely authenticate an application or user. The Secret is included in all API requests to identify the Consumer. The API Secret is used in combination with an API Key. The Secret is known only to the Consumer and the API gateway. It is only displayed upon creation and must be recorded by the Consumer. ,The API Secret is a software-level credential (password) used to securely authenticate an application or user. The Secret is included in all API requests to identify the Consumer. The API Secret is used in combination with an API Key. The Secret is known only to the Consumer and the API gateway. It is only displayed upon creation and must be recorded by the Consumer. ,Yes,API,APS,https://dpdd.atlassian.net/wiki/spaces/POSM/pages/edit-v2/1389330560,Yes,
APS Platform ,"The APS Platform is the API Program Service (APS) backend that enables data providers to manage their APIs and deliver services using the Kong API Gateway Community edition and a combination of tools to provide API security, authentication, routing, and publishing. ","The APS Platform is the API Program Service (APS) backend that enables data providers to manage their APIs and deliver services using the Kong API Gateway Community edition and a combination of tools to provide API security, authentication, routing, and publishing. ",Yes,General,APS,https://dpdd.atlassian.net/wiki/spaces/POSM/pages/edit-v2/1389330560,Yes,RJS 02/23: Need APS spelled out.
B.C. Geographic Warehouse (BCGW),The B.C. Geographic Warehouse (BCGW) is a central repository available to all sectors and ministries where data is hosted either as files or in a database and many ministries are now realizing the benefit of this centralized store. The BCGW is the central component of the Province’s Spatial Data Infrastructure. ,The B.C. Geographic Warehouse (BCGW) is a central repository available to all sectors and ministries where data is hosted either as files or in a database and many ministries are now realizing the benefit of this centralized store. The BCGW is the central component of the Province’s Spatial Data Infrastructure. ,Yes,"General,Geospatial",APS,https://dpdd.atlassian.net/wiki/spaces/POSM/pages/edit-v2/1389330560,Yes,
Data Discovery Services,"The Data Discovery Services (DDS) team helps people find and access government data, to aid in decision making processes. The data may be open, public, or secured, as the discovery of data does not necessitate that the actual data be made available. Clients include government, industry, and individuals.",,No,General,APS,https://dpdd.atlassian.net/wiki/spaces/POSM/pages/edit-v2/1389330560,No,RJS 02/23: This is again a team definition. Should this be removed?
Data Publication Services (DPS) Team,"The Data Publication Services (DPS) Team is primarily responsible for delivering the value stream that helps clients share their data throughout its lifecycle. The DPS team manages DataBC's Database Configuration (DBC) and B.C. Geographic Warehouse (BCGW) databases (collectively also referred to as the BCGW), and the supporting applications, infrastructure and systems. ",,No,,,https://dpdd.atlassian.net/wiki/spaces/~5faf01d48405b10077bd5f3e/pages/716472321/DPS+Team,Yes,RJS 02/23: This term should be removed as it is a description about a team.
"Extract, Transform, Load (ETL)","Extract, Transform, Load (ETL) is a process that extracts, transforms, and loads data from multiple sources to a data warehouse or other unified data repository. ","Extract, Transform, Load (ETL) is a process that extracts, transforms, and loads data from multiple sources to a data warehouse or other unified data repository. ",Yes,General,APS,https://dpdd.atlassian.net/wiki/spaces/POSM/pages/1389330560/APS+Terminology+Glossary+-+2026,Yes,
Globally Unique Identifier (GUID) / Universally Unique Identifier (UUID),A universally unique identifier (UUID) is a 128-bit label used for information in computer systems. The term globally unique identifier (GUID) is also used.,,No,General,APS,https://dpdd.atlassian.net/wiki/spaces/POSM/pages/1389330560/APS+Terminology+Glossary+-+2026,Yes,"RJS 02/24: DR Standard has the following definition: Universally Unique Identifiers (UUID), also called Globally Unique Identifiers (GUID), are generated numbers that are, for all practical purposes, guaranteed to be unique across different systems and over time, without requiring central coordination. "
Gateway Administration (GWA) Command Line Interface (CLI),The Gateway Administration (GWA) Command Line Interface (CLI) is a tool for creating and publishing Gateway Services and other resources on the API Services Portal. Resources are defined in YAML configuration files. The GWA CLI helps support automated Gateway management through scripting.,The Gateway Administration (GWA) Command Line Interface (CLI) is a tool for creating and publishing Gateway Services and other resources on the API Services Portal. Resources are defined in YAML configuration files. The GWA CLI helps support automated Gateway management through scripting.,Yes,API,APS,https://developer.gov.bc.ca/docs/default/component/aps-infra-platform-docs/reference/glossary/,Yes,
Service ,"A service represents an external upstream API or microservice consisting of a URL, which listens for incoming requests. ","A service represents an external upstream API or microservice consisting of a URL, which listens for incoming requests. ",Yes,API,APS,https://dpdd.atlassian.net/wiki/spaces/POSM/pages/1389330560/APS+Terminology+Glossary+-+2026,Yes,
SDX Solution,"An implemented instance of SDX for a specific business purpose, including configuration, security controls, and participating systems. ","An implemented instance of SDX for a specific business purpose, including configuration, security controls, and participating systems. ",Yes,SDX,APS,https://dpdd.atlassian.net/wiki/spaces/POSM/pages/1389330560/Updated+CS+Terminology+Language,Yes,
SDX Ecosystem,"The implementation boundary (e.g., B.C.) for SDX members. Centrally managed by a single operator. Multiple SDX edge servers form an ecosystem. A key part of the ecosystem will be gateways that exist between the consumer and provider. ","The implementation boundary (e.g., B.C.) for SDX members. Centrally managed by a single operator. Multiple SDX edge servers form an ecosystem. A key part of the ecosystem will be gateways that exist between the consumer and provider. ",Yes,SDX,APS,https://dpdd.atlassian.net/wiki/spaces/POSM/pages/1389330560/Updated+CS+Terminology+Language,Yes,
SDX Edge Server,"A localized communication server within the SDX ecosystem that processes data and runs applications close to where they are generated or used. 

Consumer SDX Edge Server: can be a gateway for secure outgoing communication. 

Provider SDX Edge Server: can be a gateway for secure incoming communication.

Each organization must use an edge server, with an option to self-host. 

Scoping details occur within the SDX Edge Server. If scoping details on both sides of SDX Edges match, then approval is granted and credentials are provided. ",,No,SDX,APS,https://dpdd.atlassian.net/wiki/spaces/POSM/pages/1389330560/Updated+CS+Terminology+Language,Yes,
API Services Portal ,"The API Services Portal is an API Program Service  (APS) product that acts as the access point for API Providers and API Consumers to publish, discover, and manage APIs. It is built using the open-source Kong Gateway and includes tools to provide API security, authentication, routing, and publishing. The API Services Portal enables API Providers to build, configure, and share their APIs publicly or privately, set up applications, discover APIs, and request access.",,No,API,APS,https://dpdd.atlassian.net/wiki/spaces/POSM/pages/1389330560/Updated+CS+Terminology+Language,Yes,"RJS 02/23: Need APS spelled out.

CN: this sounds like the backend thing that is the API Catalogue?  Thinking of a developer audience, this might be a term to keep in the glossary, but its description needs attention."
Scoping Details ,The details that a user provides to initiate an SDX between a consumer and provider. Details that are required to match between consumer and provider to make that secure pathway (SDX) happen. Policy dictates and defines which scoping details to collect. ,The details that a user provides to initiate an SDX between a consumer and provider. Details that are required to match between consumer and provider to make that secure pathway (SDX) happen. Policy dictates and defines which scoping details to collect. ,Yes,SDX,APS,https://dpdd.atlassian.net/wiki/spaces/POSM/pages/1389330560/Updated+CS+Terminology+Language,Yes,
Kong Endpoint,"An API endpoint that is exposed, managed, or routed through Kong. In this case, a public-facing URL exposed by Kong.","An API endpoint that is exposed, managed, or routed through Kong. In this case, a public-facing URL exposed by Kong.",Yes,API,APS,https://dpdd.atlassian.net/wiki/spaces/POSM/pages/1389330560/Updated+CS+Terminology+Language,Yes,
Non-repudiation ,"A security principle that ensures a person or system cannot deny having performed a specific action, such as sending a message or approving a transaction - typically achieved through logging, digital signatures, and strong authentication.","A security principle that ensures a person or system cannot deny having performed a specific action, such as sending a message or approving a transaction - typically achieved through logging, digital signatures, and strong authentication.",Yes,"API,SDX",APS,https://dpdd.atlassian.net/wiki/spaces/POSM/pages/1389330560/Updated+CS+Terminology+Language,Yes,
Integration,"The technical implementation that enables an exchange, such as APIs, connectors, or file transfers.","The technical implementation that enables an exchange, such as APIs, connectors, or file transfers.",Yes,,APS,https://dpdd.atlassian.net/wiki/spaces/POSM/pages/1389330560/Updated+CS+Terminology+Language,Yes,
Transaction,"A single instance of an exchange, for example one API call or message delivery.","A single instance of an exchange, for example one API call or message delivery.",Yes,"API,SDX",APS,https://dpdd.atlassian.net/wiki/spaces/POSM/pages/1389330560/Updated+CS+Terminology+Language,Yes,
System Owner,The technical owner accountable for operating a system involved in an exchange (any API provider).,,No,API,APS,https://dpdd.atlassian.net/wiki/spaces/POSM/pages/1389330560/Updated+CS+Terminology+Language,Yes,RJS 02/24: This is a user role.
Connected Services Integration Toolkit,"The Connected Services Integration Toolkit (CSIT) is the developer-facing layer of SDX, designed to deliver a consistent and intuitive user experience (UX) across government business areas and ministries. It is foundational to the Connected Services initiative and will include the following:
• Documentation showing how to build a Connected Service 
• A service catalogue enabling data service providers to publish their services (e.g., APIs) and show where they are being used
• A data dictionary, glossary of terms, and metadata repositories to support the publication and management of semantic information
• Comprehensive API documentation and tools
• Developer enablement tools and sandbox environments",,No,"SDX,Integration Toolkit",APS,"https://bcgov.sharepoint.com/:w:/r/teams/12320-ConnectedServicesStrategicPriority/_layouts/15/doc2.aspx?sourcedoc=%7B6C868B89-951B-4428-A5B2-552D48101B61%7D&file=Integration%20Toolkit%20Recommendation.docx&wdLOR=c729E307F-F830-41C7-B01C-999B54B276AF&fromShare=true&action=default&mobileredirect=true
https://dpdd.atlassian.net/wiki/spaces/POSM/pages/edit-v2/1389330560",Yes,
DevHub,"The B.C. government's Developer Hub (DevHub) is a place to access common technical documentation, community knowledge bases, code samples and APIs. ","The B.C. government's Developer Hub (DevHub) is a place to access common technical documentation, community knowledge bases, code samples and APIs. ",Yes,"General,Integration Toolkit",APS,https://developer.gov.bc.ca/,Yes,
Connected Services B.C. (CSBC),"The organization-wide capability to connect government systems and services through secure, governed data exchange and standardized integration practices.",,No,General,,,No,RJS 02/23: This is again a team description. Can be removed.
Backstage ,"Backstage is an open-source framework for building developer portals which unifies all your infrastructure tooling, services, and documentation to create a streamlined development environment from end to end.","Backstage is an open-source framework for building developer portals which unifies all your infrastructure tooling, services, and documentation to create a streamlined development environment from end to end.",Yes,Integration Toolkit,APS,"https://dpdd.atlassian.net/wiki/spaces/POSM/pages/1389330560/Updated+CS+Terminology+Language
https://backstage.io/docs/features/software-catalog/system-model/#ecosystem-modeling ",Yes,
Backstage Connector,"A plug-in or integration component that allows the Backstage developer portal to connect to external systems, pull data, or expose services inside the portal.","A plug-in or integration component that allows the Backstage developer portal to connect to external systems, pull data, or expose services inside the portal.",Yes,Integration Toolkit,APS,https://dpdd.atlassian.net/wiki/spaces/POSM/pages/1389330560/Updated+CS+Terminology+Language,Yes,
Endpoint,Specific URLs or interfaces in an API or service where requests are sent and responses are returned; the “access points” for interacting with a system.,Specific URLs or interfaces in an API or service where requests are sent and responses are returned; the “access points” for interacting with a system.,Yes,"General,API",APS,https://dpdd.atlassian.net/wiki/spaces/POSM/pages/1389330560/Updated+CS+Terminology+Language,Yes,
Sandbox,"A safe, isolated test environment where users can experiment, build, or run code and APIs without affecting real systems or production data.","A safe, isolated test environment where users can experiment, build, or run code and APIs without affecting real systems or production data.",Yes,General,APS,https://dpdd.atlassian.net/wiki/spaces/POSM/pages/1389330560/Updated+CS+Terminology+Language,Yes,
Authentication Type,"Method used to verify the identity of a user or system, such as passwords, tokens, OAuth, API keys, or multi-factor authentication patterns.","Method used to verify the identity of a user or system, such as passwords, tokens, OAuth, API keys, or multi-factor authentication patterns.",Yes,"General,API,Security",APS,https://dpdd.atlassian.net/wiki/spaces/POSM/pages/1389330560/Updated+CS+Terminology+Language,Yes,
API Specifications,"Formal documents or definitions (like OpenAPI/Swagger) that describe how an API works, including endpoints, inputs, outputs, authentication, and data formats. An example is an OpenAPI Specification is (OAS). ","Formal documents or definitions (like OpenAPI/Swagger) that describe how an API works, including endpoints, inputs, outputs, authentication, and data formats. An example is an OpenAPI Specification is (OAS). ",Yes,API,APS,https://dpdd.atlassian.net/wiki/spaces/POSM/pages/1389330560/Updated+CS+Terminology+Language,Yes,
Metadata,"Metadata is a set of structured data that describes and gives additional detail about a Dataset. Metadata helps identify, manage, and share Datasets.","Metadata is a set of structured data that describes and gives additional detail about a Dataset. Metadata helps identify, manage, and share Datasets.",Yes,,Catalogue,https://www2.gov.bc.ca/gov/content/data/policy-standards/data-standards-and-guidelines/core-metadata-standard,Yes,
Open Government Licence - British Columbia (OGL-BC),"“Open Government License” means the Open Government License for government of B.C. Information or such other license approved by the Intellectual Property Program, Ministry of Labour, Citizens’ Services and Open Government.

The OGL-BC is further defined here: https://www2.gov.bc.ca/gov/content/data/policy-standards/data-policies/open-data/open-government-licence-bc

Additional Open Data Licenses exist and can vary by organization, jurisdiction etc. Examples include:
Open Government Licence - B.C. Assessment, Open Government Licence - Canada, Open Government Licence - TransLink.

In addition to Open Data Licenses, some data is available to the public under Crown Copyright. Refer to definition of Crown Copyright Data.",,No,,Catalogue,https://www2.gov.bc.ca/gov/content/data/policy-standards/data-policies/open-data,Yes,
SDX Pattern,"A documented architecture pattern describing a repeatable, secure method of exchanging data.",,No,SDX,APS,https://dpdd.atlassian.net/wiki/spaces/POSM/pages/1389330560/APS+Terminology+Glossary+-+2026,No,
Data Exchange,"A governed, repeatable transfer of data from a provider to a consumer under an approved legal basis.","A governed, repeatable transfer of data from a provider to a consumer under an approved legal basis.",Yes,SDX,APS,https://dpdd.atlassian.net/wiki/spaces/POSM/pages/edit-v2/1389330560,Yes,
Delegated Intermediary,"A platform component that acts on behalf of a provider or consumer, such as a gateway or proxy.","A platform component that acts on behalf of a provider or consumer, such as a gateway or proxy.",Yes,General,APS,https://dpdd.atlassian.net/wiki/spaces/POSM/pages/edit-v2/1389330560,Yes,
Authorizing Authority,"The entity that confirms legal basis, consent, or program authority for an exchange.","The entity that confirms legal basis, consent, or program authority for an exchange.",Yes,General,APS,https://dpdd.atlassian.net/wiki/spaces/POSM/pages/1389330560/APS+Terminology+Glossary+-+2026,Yes,
Program Authority,The ministry or program that has the lawful basis to initiate or approve an exchange.,The ministry or program that has the lawful basis to initiate or approve an exchange.,Yes,"General,SDX",APS,https://dpdd.atlassian.net/wiki/spaces/POSM/pages/1389330560/APS+Terminology+Glossary+-+2026,Yes,
Trust Authority,"The governing body (Connected Services B.C.) that manages trust anchors, certificates, and federation governance.","The governing body (Connected Services B.C.) that manages trust anchors, certificates, and federation governance.",Yes,"General,SDX,Security",APS,https://dpdd.atlassian.net/wiki/spaces/POSM/pages/1389330560/APS+Terminology+Glossary+-+2026,Yes,
Data Sharing Agreement (DSA),"The Data Sharing Agreement (DSA) is a legal agreement defining the lawful basis, permitted use, retention, and custodianship for an exchange.","The Data Sharing Agreement (DSA) is a legal agreement defining the lawful basis, permitted use, retention, and custodianship for an exchange.",Yes,General,APS,https://dpdd.atlassian.net/wiki/spaces/POSM/pages/edit-v2/1389330560,Yes,
Privacy Impact Assessment (PIA),A privacy impact assessment (PIA) is a step-by-step review process to make sure you protect the personal information you collect or use in your project. ,A privacy impact assessment (PIA) is a step-by-step review process to make sure you protect the personal information you collect or use in your project. ,Yes,General,ADR,https://www2.gov.bc.ca/gov/content/governments/services-for-government/information-management-technology/privacy/privacy-impact-assessments,Yes,
Security Threat and Risk Assessment (STRA),An STRA is the overall activity of assessing and reporting security risks for an information system to help make well informed risk-based decisions. An STRA also documents risk ratings and planned treatments.,An STRA is the overall activity of assessing and reporting security risks for an information system to help make well informed risk-based decisions. An STRA also documents risk ratings and planned treatments.,Yes,General,ADR,https://www2.gov.bc.ca/gov/content/governments/services-for-government/information-management-technology/information-security/security-threat-and-risk-assessment,Yes,
Credential,A verifiable claim about an actor or system used for authentication or authorization.,A verifiable claim about an actor or system used for authentication or authorization.,Yes,"SDX,Security",APS,https://dpdd.atlassian.net/wiki/spaces/POSM/pages/edit-v2/1389330560,Yes,
Eligibility Factor,"A discrete condition (for example, “Age ≥ 65”).","A discrete condition (for example, “Age ≥ 65”).",Yes,,EFV,https://dpdd.atlassian.net/wiki/spaces/POSM/pages/1313439890/Terminology+and+Glossary,Yes,
Eligibility Factor Verifier,A service that validates one or more eligibility factors.,A service that validates one or more eligibility factors.,Yes,,EFV,https://dpdd.atlassian.net/wiki/spaces/POSM/pages/1313439890/Terminology+and+Glossary,Yes,
Eligibility Token,A signed assertion indicating that an individual meets specified eligibility criteria without disclosing raw data.,,No,,EFV,https://dpdd.atlassian.net/wiki/spaces/POSM/pages/1313439890/Terminology+and+Glossary,No,
Policy Decision Point (PDP),Component that evaluates policies and returns an authorization decision.,Component that evaluates policies and returns an authorization decision.,Yes,General,APS,https://dpdd.atlassian.net/wiki/spaces/POSM/pages/1389330560/APS+Terminology+Glossary+-+2026,Yes,
Policy Enforcement Point (PEP),Component that enforces the decision from the Policy Decision Point (PDP).,Component that enforces the decision from the Policy Decision Point (PDP).,Yes,General,APS,https://dpdd.atlassian.net/wiki/spaces/POSM/pages/1389330560/APS+Terminology+Glossary+-+2026,Yes,
Data Minimization Rule,Restricts shared data to the minimum required for the purpose.,Restricts shared data to the minimum required for the purpose.,Yes,General,APS,https://dpdd.atlassian.net/wiki/spaces/POSM/pages/1389330560/APS+Terminology+Glossary+-+2026,Yes,
Audit Event,"A signed, immutable log entry recording access or transfer events.","A signed, immutable log entry recording access or transfer events.",Yes,General,APS,https://dpdd.atlassian.net/wiki/spaces/POSM/pages/1389330560/APS+Terminology+Glossary+-+2026,Yes,
Reconciliation Layer,A Connected Services layer that aligns identifiers and semantics across systems.,,No,General,APS,https://dpdd.atlassian.net/wiki/spaces/POSM/pages/1389330560/APS+Terminology+Glossary+-+2026,No,
Credential Broker,"A service that issues, validates, or transforms digital credentials.","A service that issues, validates, or transforms digital credentials.",Yes,"SDX,Security",APS,https://dpdd.atlassian.net/wiki/spaces/POSM/pages/edit-v2/1389330560,Yes,
Policy Plugin,"Executable logic within an intermediary that enforces a policy, such as validation or masking.","Executable logic within an intermediary that enforces a policy, such as validation or masking.",Yes,General,APS,https://dpdd.atlassian.net/wiki/spaces/POSM/pages/1389330560/APS+Terminology+Glossary+-+2026,Yes,
Channel,"The transport mode used for an exchange: Pull API, Push Webhook, Message Queue, Batch File, or Streaming.","The transport mode used for an exchange: Pull API, Push Webhook, Message Queue, Batch File, or Streaming.",Yes,"General,API",APS,https://dpdd.atlassian.net/wiki/spaces/POSM/pages/edit-v2/1389330560,Yes,
API Catalogue,"A listing of application programming interfaces and exchange contracts with metadata, intended for use by a software developer.","A listing of application programming interfaces and exchange contracts with metadata, intended for use by a software developer.",Yes,API,APS,https://dpdd.atlassian.net/wiki/spaces/POSM/pages/edit-v2/1389330560,Yes,
Onboarding to SDX,"The process of bringing a provider or consumer onto SDX, including credential verification and testing.","The process of bringing a provider or consumer onto SDX, including credential verification and testing.",Yes,SDX,APS,https://dpdd.atlassian.net/wiki/spaces/POSM/pages/edit-v2/1389330560,Yes,
Authorized Users,"Authorized users access the B.C. Data Catalogue via a secure login / authentication method and have access to both publicly available and Enterprise datasets. 

Authorized users’ permission levels will vary, and may include amongst others: 
· B.C. Government Ministry employees, 
· Government Contractors, 
· Broader Public Sector agency staff, 
· Non-profit organizations, 
· Higher education / research bodies, 
· Private sector organizations.",,No,,Catalogue,https://bcgov.sharepoint.com/:w:/r/teams/00108/Shared%20Documents/TM_DDS/Projects%20and%20Initiatives/2025-09%20Connected%20Services%20and%20Enhanced%20Catalogue/Business%20Analysis%20and%20Requirements/CITZ%20BCDC%20-%20Business%20Requirements%20Document%20-%20Draft%20v0.08%20(current).docx?d=wb7271ba34bec42a180b57e8d5bfe623b&csf=1&web=1&e=J9y3Z3,Yes,"RJS 02/23: Should ""User"" types be in the Glossary?
CN> probably, but not in the way some might think - no personas, but actual definitions of terms like ""Crown Corporation"", ""Government Ministry""
CN> this term may need to be kept, but in its abridged form without the extra details."
B.C. Data Catalogue,"The B.C. Data Catalogue is the B.C. Provincial government’s data catalogue, where ministries are expected to list their high value data resources. It serves as the centralized federated source of metadata, enabling data discovery for the public, all B.C. government and public sector agencies and can be found here: https://catalogue.data.gov.bc.ca/   

It supports both Enterprise and Open Data. These encompass a wide range of datasets represent a wide range of information, including: 
· Natural resources 
· Economic indicators 
· Legal and justice-related information 
· Educational statistics 
· Social programs 
· Health-related datasets",,No,General,Catalogue,https://bcgov.sharepoint.com/:w:/r/teams/00108/Shared%20Documents/TM_DDS/Projects%20and%20Initiatives/2025-09%20Connected%20Services%20and%20Enhanced%20Catalogue/Business%20Analysis%20and%20Requirements/CITZ%20BCDC%20-%20Business%20Requirements%20Document%20-%20Draft%20v0.08%20(current).docx?d=wb7271ba34bec42a180b57e8d5bfe623b&csf=1&web=1&e=J9y3Z3,Yes,"This term is needed, but having a simpler definition."
Catalogue Administrator,"A Catalogue Administrator is a role assigned to an authorized user to govern, configure and actively manage the Catalogue software. In addition, the Administrator role can perform all the standard functions of a Catalogue Editor.",,No,,Catalogue,https://bcgov.sharepoint.com/:w:/r/teams/00108/Shared%20Documents/TM_DDS/Projects%20and%20Initiatives/2025-09%20Connected%20Services%20and%20Enhanced%20Catalogue/Business%20Analysis%20and%20Requirements/CITZ%20BCDC%20-%20Business%20Requirements%20Document%20-%20Draft%20v0.08%20(current).docx?d=wb7271ba34bec42a180b57e8d5bfe623b&csf=1&web=1&e=J9y3Z3,Yes,RJS 02/23 - This is a user role. Should this be our Glossary?
Catalogue Editors,"Catalogue Editors are responsible for maintaining Data Catalogue content - creating, updating and retiring data records throughout the lifecycle. They perform regular dataset reviews to ensure accuracy and completeness. Catalogue Editors may also be assigned the responsibilities of a Data Custodian.",,No,,Catalogue,https://bcgov.sharepoint.com/:w:/r/teams/00108/Shared%20Documents/TM_DDS/Projects%20and%20Initiatives/2025-09%20Connected%20Services%20and%20Enhanced%20Catalogue/Business%20Analysis%20and%20Requirements/CITZ%20BCDC%20-%20Business%20Requirements%20Document%20-%20Draft%20v0.08%20(current).docx?d=wb7271ba34bec42a180b57e8d5bfe623b&csf=1&web=1&e=J9y3Z3,Yes,
CKAN,"Comprehensive Knowledge Archive Network (CKAN) is an open-source, metadata-driven data catalog platform for publishing, managing and discovering datasets.","Comprehensive Knowledge Archive Network (CKAN) is an open-source, metadata-driven data catalog platform for publishing, managing and discovering datasets.",Yes,,Catalogue,https://bcgov.sharepoint.com/:w:/r/teams/00108/Shared%20Documents/TM_DDS/Projects%20and%20Initiatives/2025-09%20Connected%20Services%20and%20Enhanced%20Catalogue/Business%20Analysis%20and%20Requirements/CITZ%20BCDC%20-%20Business%20Requirements%20Document%20-%20Draft%20v0.08%20(current).docx?d=wb7271ba34bec42a180b57e8d5bfe623b&csf=1&web=1&e=J9y3Z3,Yes,
Crown Copyright Data,Crown Copyright data refers to datasets under copyright protection. Refer to https://www2.gov.bc.ca/gov/content/home/copyright for more information. Dataset under Crown Copyright may include access to Authoritative datasets.,,No,,Catalogue,https://bcgov.sharepoint.com/:w:/r/teams/00108/Shared%20Documents/TM_DDS/Projects%20and%20Initiatives/2025-09%20Connected%20Services%20and%20Enhanced%20Catalogue/Business%20Analysis%20and%20Requirements/CITZ%20BCDC%20-%20Business%20Requirements%20Document%20-%20Draft%20v0.08%20(current).docx?d=wb7271ba34bec42a180b57e8d5bfe623b&csf=1&web=1&e=J9y3Z3,Yes,
Data Consumer,"A Data Consumer refers to anyone who uses  the B.C. Data Catalogue with the intention of searching for and consuming datasets in some shape or form. These users include:
Internal users:    
- B.C. Government ministries, programs, and   
- Crown Corporations and Broader Public Sector agencies (IDIR enabled)  
External users:    
- Public users including researchers and other public bodies ",,No,,Catalogue,https://bcgov.sharepoint.com/:w:/r/teams/00108/Shared%20Documents/TM_DDS/Projects%20and%20Initiatives/2025-09%20Connected%20Services%20and%20Enhanced%20Catalogue/Business%20Analysis%20and%20Requirements/CITZ%20BCDC%20-%20Business%20Requirements%20Document%20-%20Draft%20v0.08%20(current).docx?d=wb7271ba34bec42a180b57e8d5bfe623b&csf=1&web=1&e=J9y3Z3,Yes,"RJS 02/23: Does this need the context of Data Catalogue? The ""Data Consumer"" can mean different things to different teams."
Data Provider,"Data Providers are members of Government Ministries, Crown Corporations and Broader Public Sector agencies who list data in the BCDC. Data Providers may hold one or more roles in the catalogue, e.g. Catalogue Editor.",,No,,Catalogue,https://bcgov.sharepoint.com/:w:/r/teams/00108/Shared%20Documents/TM_DDS/Projects%20and%20Initiatives/2025-09%20Connected%20Services%20and%20Enhanced%20Catalogue/Business%20Analysis%20and%20Requirements/CITZ%20BCDC%20-%20Business%20Requirements%20Document%20-%20Draft%20v0.08%20(current).docx?d=wb7271ba34bec42a180b57e8d5bfe623b&csf=1&web=1&e=J9y3Z3,Yes,"RJS 02/23: Again same as Data Consumer, should the context be added to the definition."
Data Resource,"Data Resource (or Resource) for a Data Catalogue is a file containing actual data, uploaded to the Catalogue (e.g. CSV, xls, XML etc.); or relevant information in the Catalogue, describing how to obtain the actual data (e.g. API specification). A data resource is always relevant to a particular Dataset.","Data Resource (or Resource) for a Data Catalogue is a file containing actual data, uploaded to the Catalogue (e.g. CSV, xls, XML etc.); or relevant information in the Catalogue, describing how to obtain the actual data (e.g. API specification). A data resource is always relevant to a particular Dataset.",Yes,,Catalogue,https://bcgov.sharepoint.com/:w:/r/teams/00108/Shared%20Documents/TM_DDS/Projects%20and%20Initiatives/2025-09%20Connected%20Services%20and%20Enhanced%20Catalogue/Business%20Analysis%20and%20Requirements/CITZ%20BCDC%20-%20Business%20Requirements%20Document%20-%20Draft%20v0.08%20(current).docx?d=wb7271ba34bec42a180b57e8d5bfe623b&csf=1&web=1&e=J9y3Z3,Yes,
Dataset,A Dataset refers to a description (of what the Dataset is about) + collection of metadata elements / attributes / objects + optionally Data Resource(s); where a metadata element / attribute / object is any one piece of relevant metadata for the Dataset.,,No,,Catalogue,https://bcgov.sharepoint.com/:w:/r/teams/00108/Shared%20Documents/TM_DDS/Projects%20and%20Initiatives/2025-09%20Connected%20Services%20and%20Enhanced%20Catalogue/Business%20Analysis%20and%20Requirements/CITZ%20BCDC%20-%20Business%20Requirements%20Document%20-%20Draft%20v0.08%20(current).docx?d=wb7271ba34bec42a180b57e8d5bfe623b&csf=1&web=1&e=J9y3Z3,Yes,
EBCDC,"Enhanced B.C. Data Catalogue refers to the future state of the BCDC; a solution provided by the Data Discovery Services (DDS) Team to the public, B.C. Government Ministries and other public bodies in the Province of B.C.. 

The Enhanced B.C. Data Catalogue future-state architecture will ​modernize how we discover, manage, and publish datasets. 

​The vision supports the broader Connected Services initiative by enabling a unified, searchable metadata layer that improves accessibility, increases trust, and ​enhances the ability to find and reuse authoritative data.​

The EBCDC will become the BCDC, when the current BCDC is retired. Refer to definition of BCDC.",,No,,Catalogue,https://bcgov.sharepoint.com/:w:/r/teams/00108/Shared%20Documents/TM_DDS/Projects%20and%20Initiatives/2025-09%20Connected%20Services%20and%20Enhanced%20Catalogue/Business%20Analysis%20and%20Requirements/CITZ%20BCDC%20-%20Business%20Requirements%20Document%20-%20Draft%20v0.08%20(current).docx?d=wb7271ba34bec42a180b57e8d5bfe623b&csf=1&web=1&e=J9y3Z3,Yes,
Enterprise Data,"Enterprise data is collected, managed, and used across all departments of an organization for planning, operations, and decision-making. It is governed by processes (Enterprise Data Management) to ensure it is accurate, secure, and accessible for business value.   

Enterprise data is listed in the B.C. Data Catalogue, and the listing is limited / restricted to users within the B.C. Government and broader public sector accessed via an authentication method. 

All Enterprise Data listed in the B.C. Data Catalogue is High Value Data, some of which may also be Authoritative Data.

Enterprise data and Open data are mutually exclusive.  However, Enterprise data may be re-classified as Open data at any point in time and as such, will be made available to the public.",,No,,Catalogue,https://bcgov.sharepoint.com/:w:/r/teams/00108/Shared%20Documents/TM_DDS/Projects%20and%20Initiatives/2025-09%20Connected%20Services%20and%20Enhanced%20Catalogue/Business%20Analysis%20and%20Requirements/CITZ%20BCDC%20-%20Business%20Requirements%20Document%20-%20Draft%20v0.08%20(current).docx?d=wb7271ba34bec42a180b57e8d5bfe623b&csf=1&web=1&e=J9y3Z3,Yes,
High Value Data,"High Value Data holds significant business value, enabling decision-making in support of programs, services, evaluation, and accountability requirements that benefit a high number of users. This includes data that supports critical services or data of public interest or permanent value (e.g., critical information and authoritative data).

The B.C. Data Catalogue only holds High Value Datasets.","High Value Data holds significant business value, enabling decision-making in support of programs, services, evaluation, and accountability requirements that benefit a high number of users. This includes data that supports critical services or data of public interest or permanent value (e.g., critical information and authoritative data).

The B.C. Data Catalogue only holds High Value Datasets.",Yes,,Catalogue,https://www2.gov.bc.ca/gov/content?id=706EBC0C26B146EBB8641813DB32946B,Yes,
IDIR,DIR is the proper name of a login credential. It isn't an acronym. IDIR accounts are given to individuals who work for the B.C. government. Each account has an IDIR username and password for logging in.,DIR is the proper name of a login credential. It isn't an acronym. IDIR accounts are given to individuals who work for the B.C. government. Each account has an IDIR username and password for logging in.,Yes,,Catalogue,https://www2.gov.bc.ca/gov/content/governments/services-for-government/information-management-technology/identity-services-program/login-best-practices/language-consistency,Yes,
Metadata Record,"A Metadata Record is the combination of Description of the Dataset + collection of Metadata attributes / objects / elements; where a Metadata attribute / object / element is any one piece of relevant metadata for the Dataset. 

Core set of metadata attributes / objects / elements are defined in the Metadata Standard.","A Metadata Record is the combination of Description of the Dataset + collection of Metadata attributes / objects / elements; where a Metadata attribute / object / element is any one piece of relevant metadata for the Dataset. 

Core set of metadata attributes / objects / elements are defined in the Metadata Standard.",Yes,,Catalogue,https://bcgov.sharepoint.com/:w:/r/teams/00108/Shared%20Documents/TM_DDS/Projects%20and%20Initiatives/2025-09%20Connected%20Services%20and%20Enhanced%20Catalogue/Business%20Analysis%20and%20Requirements/CITZ%20BCDC%20-%20Business%20Requirements%20Document%20-%20Draft%20v0.08%20(current).docx?d=wb7271ba34bec42a180b57e8d5bfe623b&csf=1&web=1&e=J9y3Z3,Yes,
Metadata Template,"Metadata Template refers to an electronic capture format for the metadata schema.

The Metadata Schema defines the structure of the metadata; including, amongst others, core mandatory elements / objects / attributes (as defined in the metadata standard) and additional optional elements / objects / attributes.","Metadata Template refers to an electronic capture format for the metadata schema.

The Metadata Schema defines the structure of the metadata; including, amongst others, core mandatory elements / objects / attributes (as defined in the metadata standard) and additional optional elements / objects / attributes.",Yes,,Catalogue,https://bcgov.sharepoint.com/:w:/r/teams/00108/Shared%20Documents/TM_DDS/Projects%20and%20Initiatives/2025-09%20Connected%20Services%20and%20Enhanced%20Catalogue/Business%20Analysis%20and%20Requirements/CITZ%20BCDC%20-%20Business%20Requirements%20Document%20-%20Draft%20v0.08%20(current).docx?d=wb7271ba34bec42a180b57e8d5bfe623b&csf=1&web=1&e=J9y3Z3,Yes,
Open Data,"Data that has undergone an Open Data Assessment, meets the requirements included in the Open Data Policy, and is listed in the B.C. Data Catalogue. Such Open Data is then made available to the public for copying, publishing, distribution, transmission and adaptation under the terms of the OGL-BC.

All Open Data listings in the B.C. Data Catalogue are High Value Data. Open Data listings may contain Authoritative Datasets.","Data that has undergone an Open Data Assessment, meets the requirements included in the Open Data Policy, and is listed in the B.C. Data Catalogue. Such Open Data is then made available to the public for copying, publishing, distribution, transmission and adaptation under the terms of the OGL-BC.

All Open Data listings in the B.C. Data Catalogue are High Value Data. Open Data listings may contain Authoritative Datasets.",Yes,,Catalogue,https://bcgov.sharepoint.com/:w:/r/teams/00108/Shared%20Documents/TM_DDS/Projects%20and%20Initiatives/2025-09%20Connected%20Services%20and%20Enhanced%20Catalogue/Business%20Analysis%20and%20Requirements/CITZ%20BCDC%20-%20Business%20Requirements%20Document%20-%20Draft%20v0.08%20(current).docx?d=wb7271ba34bec42a180b57e8d5bfe623b&csf=1&web=1&e=J9y3Z3,Yes,
Semantic Search,"Semantic search is an information retrieval method that understands the context and intent behind a user's query, rather than just matching keywords. This approach delivers more relevant results by focusing on the meaning of words and their relationships, making search more intelligent and human-like. Semantic search may use natural language processing (NLP) and machine learning (ML).","Semantic search is an information retrieval method that understands the context and intent behind a user's query, rather than just matching keywords. This approach delivers more relevant results by focusing on the meaning of words and their relationships, making search more intelligent and human-like. Semantic search may use natural language processing (NLP) and machine learning (ML).",Yes,,Catalogue,https://bcgov.sharepoint.com/:w:/r/teams/00108/Shared%20Documents/TM_DDS/Projects%20and%20Initiatives/2025-09%20Connected%20Services%20and%20Enhanced%20Catalogue/Business%20Analysis%20and%20Requirements/CITZ%20BCDC%20-%20Business%20Requirements%20Document%20-%20Draft%20v0.08%20(current).docx?d=wb7271ba34bec42a180b57e8d5bfe623b&csf=1&web=1&e=J9y3Z3,Yes,
Source of Truth,"A centralized, authoritative location where an organization stores its most accurate, reliable and trusted data, ensuring consistent use of information for decisions, eliminating silos and discrepancies. 

A Source of Truth may be the same as the System of Record, however this may not always be the case. For example, valid authoritative copies of data from the System of Record are created and made available for specific purposes; in cases where the System of Record cannot be directly accessed for legal, technical, privacy or other reasons.","A centralized, authoritative location where an organization stores its most accurate, reliable and trusted data, ensuring consistent use of information for decisions, eliminating silos and discrepancies. 

A Source of Truth may be the same as the System of Record, however this may not always be the case. For example, valid authoritative copies of data from the System of Record are created and made available for specific purposes; in cases where the System of Record cannot be directly accessed for legal, technical, privacy or other reasons.",Yes,,Catalogue,https://bcgov.sharepoint.com/:w:/r/teams/00108/Shared%20Documents/TM_DDS/Projects%20and%20Initiatives/2025-09%20Connected%20Services%20and%20Enhanced%20Catalogue/Business%20Analysis%20and%20Requirements/CITZ%20BCDC%20-%20Business%20Requirements%20Document%20-%20Draft%20v0.08%20(current).docx?d=wb7271ba34bec42a180b57e8d5bfe623b&csf=1&web=1&e=J9y3Z3,Yes,
Certificate Authority (CA),"A Certificate Authority (CA) is a trusted organization that provides/issues digital certificates to websites, businesses, and individuals. This establishes trust between users and websites by ensuring that sensitive data remains private.  ","A Certificate Authority (CA) is a trusted organization that provides/issues digital certificates to websites, businesses, and individuals. This establishes trust between users and websites by ensuring that sensitive data remains private.  ",Yes,"SDX,Security",APS,"https://dpdd.atlassian.net/wiki/spaces/POSM/pages/1338442522/ADR-013+Private+Certificate+Authority
https://www.digicert.com/blog/what-is-a-certificate-authority",Yes,
B.C. Developer Guide,"The B.C. Developer Guide (BCDG) offers B.C. Government developers a living guide to application development within the public service. Please use it as a reference throughout the software lifecycle, and technical decisions.",,No,General,APS,https://developer.gov.bc.ca/docs/default/component/aps-infra-platform-docs/reference/glossary/,Yes,RJS 02/23: The 2nd statement may need editing.
Restricted Data,"Restricted Data (Data Catalogue) refers to Datasets listed in the B.C. Data Catalogue only accessible by Authorized Users. 

Restricted Data is a legacy term and will be referred to as Enterprise Data going forward.","Restricted Data (Data Catalogue) refers to Datasets listed in the B.C. Data Catalogue only accessible by Authorized Users. 

Restricted Data is a legacy term and will be referred to as Enterprise Data going forward.",Yes,,Catalogue,,Yes,
Connected Services Glossary of Terms,The centralized repository documenting concepts in plain language for Connected Services business and technical terms. ,The centralized repository documenting concepts in plain language for Connected Services business and technical terms. ,Yes,,ADR,https://Data Register Standard,Yes,RJS 02/23: Should this be changed to Connected terms instead of Govt. datasets?
Data Accessibility,"The ability for authorized users to easily find, retrieve, and use data when they need it, supported by appropriate permissions, usable formats, documentation, and interoperability that allows data to work across systems and contexts.","The ability for authorized users to easily find, retrieve, and use data when they need it, supported by appropriate permissions, usable formats, documentation, and interoperability that allows data to work across systems and contexts.",Yes,,ADR,https://Data Register Standard,Yes,
Data Element,"The smallest identifiable unit of data with a defined meaning, typically represented as an attribute or field within a data model or dataset.","The smallest identifiable unit of data with a defined meaning, typically represented as an attribute or field within a data model or dataset.",Yes,,ADR,https://Data Register Standard,Yes,
Immutable,"An element (such as an identifier, data structure, or stored record) is considered immutable when its value or state is fixed at creation and does not change thereafter. Immutability provides a consistent point of reference and supports reliable auditing, versioning, and data integrity, even as related or derived information may evolve.","An element (such as an identifier, data structure, or stored record) is considered immutable when its value or state is fixed at creation and does not change thereafter. Immutability provides a consistent point of reference and supports reliable auditing, versioning, and data integrity, even as related or derived information may evolve.",Yes,,ADR,https://Data Register Standard,Yes,
Indigenous Data Sovereignty,"The ability of an Indigenous government to access, collect, control, and utilize data about its citizens and territories.","The ability of an Indigenous government to access, collect, control, and utilize data about its citizens and territories.",Yes,,ADR,https://www2.gov.bc.ca/gov/content?id=DC867125620141CAAE876DD420197FE7,Yes,
Semantics,"Semantics refers to the standardized meaning of data - how terms, values, and relationships are defined so they can be interpreted consistently across different systems.","Semantics refers to the standardized meaning of data - how terms, values, and relationships are defined so they can be interpreted consistently across different systems.",Yes,,ADR,https://Data Register Standards,No,
Universally Unique Identifiers,"Universally Unique Identifiers (UUID), also called Globally Unique Identifiers (GUID), are generated numbers that are, for all practical purposes, guaranteed to be unique across different systems and over time, without requiring central coordination. ",,No,,ADR,https://Data Register Standard,Yes,RJS 02/24: This definition needs to be merged with Globally Unique Identifier (GUID) / Universally Unique Identifier (UUID)
Entity,"A uniquely identifiable real-world object, event, or concept about which data is stored. Entities are described by attributes and may have relationships with other entities.","A uniquely identifiable real-world object, event, or concept about which data is stored. Entities are described by attributes and may have relationships with other entities.",Yes,,ADR,https://Data Register Guidelines,Yes,
Master Data,"Core, non-transactional data that describes key business entities (e.g., persons in BC, services, assets, locations). Master Data should represent Authoritative Data so it can be trusted and used with confidence by the entire organization.","Core, non-transactional data that describes key business entities (e.g., persons in BC, services, assets, locations). Master Data should represent Authoritative Data so it can be trusted and used with confidence by the entire organization.",Yes,,ADR,https://Data Register Guidelines,Yes,
Reference Data,"Data that is used to describe or classify other data (e.g., lists of disease types, gender codes, building materials, etc.) ","Data that is used to describe or classify other data (e.g., lists of disease types, gender codes, building materials, etc.) ",Yes,,ADR,https://Data Register Guidelines,Yes,
System of Reference,A system that consolidates and harmonizes data from multiple systems of record to provide a trusted reference for sharing data.,A system that consolidates and harmonizes data from multiple systems of record to provide a trusted reference for sharing data.,Yes,,ADR,https://Data Register Guidelines,Yes,
Accuracy,Accuracy measures the degree to which data describes the real-world phenomena it is intended to represent.,Accuracy measures the degree to which data describes the real-world phenomena it is intended to represent.,Yes,Quality,ADR,https://Data Quality Assessment Standard,Yes,
Completeness,"The proportion of stored data against the definition of “100% complete”. Completeness is contextual to the purpose for data collection (for example, is the scope of collection the whole province or a region?)","The proportion of stored data against the definition of “100% complete”. Completeness is contextual to the purpose for data collection (for example, is the scope of collection the whole province or a region?)",Yes,Quality,ADR,https://Data Quality Assessment Standard,Yes,
Data Quality Assessment Framework,"Data Quality Assessment Framework defines standardized dimensions of data quality and associated measures for assessing the level of data quality. A measure may apply at the dataset, record, and/or attribute level.","Data Quality Assessment Framework defines standardized dimensions of data quality and associated measures for assessing the level of data quality. A measure may apply at the dataset, record, and/or attribute level.",Yes,Quality,ADR,https://Data Quality Assessment Standard,Yes,
Data Quality Scorecard,"A Data Quality Scorecard is an instance or snapshot of a dataset’s data quality measures, as defined by the Data Quality Assessment Framework.","A Data Quality Scorecard is an instance or snapshot of a dataset’s data quality measures, as defined by the Data Quality Assessment Framework.",Yes,Quality,ADR,https://Data Quality Assessment Standard,Yes,
Timeliness,The degree to which data represent reality from the required point in time. Includes currency (are the data up to date?) and latency (when was the data last updated?),The degree to which data represent reality from the required point in time. Includes currency (are the data up to date?) and latency (when was the data last updated?),Yes,Quality,ADR,https://Data Quality Assessment Standard,Yes,
Uniqueness,The degree to which there are no duplicate data.,The degree to which there are no duplicate data.,Yes,Quality,ADR,https://Data Quality Assessment Standard,Yes,
Validity,"The degree to which data conforms to its defined domain of values, including the rules for allowed formats, structures, acceptable ranges, and lists of permissible values.","The degree to which data conforms to its defined domain of values, including the rules for allowed formats, structures, acceptable ranges, and lists of permissible values.",Yes,Quality,ADR,https://Data Quality Assessment Standard,Yes,
Consent,"Consent is a voluntary agreement by an individual for their personal information to be accessed, verified or used by a government service for specified purposes such as determining or verifying eligibility for other benefits or services. ","Consent is a voluntary agreement by an individual for their personal information to be accessed, verified or used by a government service for specified purposes such as determining or verifying eligibility for other benefits or services. ",Yes,,SDG,https://bcgov.sharepoint.com/:w:/r/teams/12320-ConnectedServicesStrategicPriority/_layouts/15/Doc.aspx?sourcedoc=%7B51098F63-B69C-4575-B25C-9FA88C4CFDFA%7D&file=Consent%20and%20Delegation%20Framework%20for%20Connected%20Services.docx&action=default&mobileredirect=true,Yes,
Delegation,"Delegation is a secure, formalized process that permits an individual to authorize another individual to access, manage or act on their behalf within digital government services.  
Delegation enables individuals —especially the elderly, persons with disabilities, or those with limited digital literacy—to benefit from digital services without being excluded. ","Delegation is a secure, formalized process that permits an individual to authorize another individual to access, manage or act on their behalf within digital government services.  
Delegation enables individuals —especially the elderly, persons with disabilities, or those with limited digital literacy—to benefit from digital services without being excluded. ",Yes,,SDG,https://bcgov.sharepoint.com/:w:/r/teams/12320-ConnectedServicesStrategicPriority/_layouts/15/Doc.aspx?sourcedoc=%7B51098F63-B69C-4575-B25C-9FA88C4CFDFA%7D&file=Consent%20and%20Delegation%20Framework%20for%20Connected%20Services.docx&action=default&mobileredirect=true,Yes,
Secure Data Exchange (SDX),"SDX as a capability/piece of functionality is the ability to move data securely and lawfully between parties. Includes technical patterns, governance, tooling and audit controls. ","SDX as a capability/piece of functionality is the ability to move data securely and lawfully between parties. Includes technical patterns, governance, tooling and audit controls. ",Yes,SDX,APS,https://dpdd.atlassian.net/wiki/spaces/POSM/pages/1389330560/APS+Glossary+-+2026,Yes,
Data Interoperability,"The ability for multiple systems to reliably exchange and understand data using standardized machine-readable formats, shared semantic definitions, and common technical protocols in alignment with applicable policies and standards.",,No,,ADR,https://data%20register%20standard/,No,
Government Service,A government service is a way for people to give or get something they need. An example is registering a child’s birth or incorporating a business.,,No,,ADR,https://www2.gov.bc.ca/gov/content/governments/services-for-government/service-experience-digital-delivery/web-content-development-guides/web-style-guide/writing-guide/web-services,No,
Government Program,"A Government programs refer to structured initiatives funded by governmental entities aimed at addressing social issues, such as education and job training, to deliver specific services, financial benefits, or policy outcomes to residents. These are managed by ministries (e.g., Finance, Health, Children and Family Development) or public entities.",,No,,ADR,,No,
Spouse,"Unmarried couples are considered spouses if they meet either of the following criteria:
1) demonstrate qualities consistent with a marriage-like relationship while residing together for 12 consecutive months, or
2) if they declare that they are in a marriage-like relationship.
Married couples who can demonstrate they have separated are exempted from being considered spouses. 
Separated means that they have legally separated, in divorce 
proceedings, severed financial interdependence or social and familial interdependence, etc.","Unmarried couples are considered spouses if they meet either of the following criteria:
1) demonstrate qualities consistent with a marriage-like relationship while residing together for 12 consecutive months, or
2) if they declare that they are in a marriage-like relationship.
Married couples who can demonstrate they have separated are exempted from being considered spouses. 
Separated means that they have legally separated, in divorce 
proceedings, severed financial interdependence or social and familial interdependence, etc.",No,Land Title,ADR,https://www.myselfserve.gov.bc.ca/,No,
Dependant,"In relation to another person, it means anyone who resides with the person and who is the spouse of the other person, or is a dependent child of the person, or indicates a parental role for the person's dependent child.
Note: Adults are not considered to be dependants of each other on the sole basis of demonstrating a parental role towards the same child","In relation to another person, it means anyone who resides with the person and who is the spouse of the other person, or is a dependent child of the person, or indicates a parental role for the person's dependent child.
Note: Adults are not considered to be dependants of each other on the sole basis of demonstrating a parental role towards the same child",No,Land Title,ADR,https://www.myselfserve.gov.bc.ca/,Yes,
Dependent Child,"With respect to a parent, it means a child, other than a child who is 18 years of age and is a person with disabilities, who resides in the parent's place of residence for more than 50 per cent of each month and relies on that parent for the necessities of life.","With respect to a parent, it means a child, other than a child who is 18 years of age and is a person with disabilities, who resides in the parent's place of residence for more than 50 per cent of each month and relies on that parent for the necessities of life.",No,Land Title,ADR,https://www.myselfserve.gov.bc.ca/,No,
Surname,"Primary Documented Surname from the BCSC.
The individual's documented surname recorded from valid identification.",,No,Identity Assurance Services,ADR,,No,
Given Name,"Primary Documented Given Name from the BCSC.
The individual's documented given name recorded from valid identification.
Note: This returns first name only and may not include all portions of the first name.",,No,Identity Assurance Services,ADR,,No,
Given Name(s),"Primary Documented Given Names from the BCSC.
The individual's documented given names recorded from valid identification.
Note: This returns all of the names an individual has other than their surname.",,No,Identity Assurance Services,ADR,,No,
Birth Date,"Birth Date from the BCSC.
The individual's documented birth date recorded from valid identification.",,No,Identity Assurance Services,ADR,,No,
Sex,"Sex from the BCSC.	
The individual's documented sex recorded from valid identification.",,No,Identity Assurance Services,ADR,,No,
Street Address,"Residential address from the BCSC.
The street address lines of an individual's provided residential address.",,No,Identity Assurance Services,ADR,,No,
Locality,"The city, municipality or district of an individual's provided residential address.",,No,Identity Assurance Services,ADR,,No,
Province,The two-letter province code of an individual's provided residential address.,,No,Identity Assurance Services,ADR,,No,
Postal Code,The postal code of the individual's provided residential address.,,No,Identity Assurance Services,ADR,,No,
Country,The two-letter country code of an individual's provided residential address.,,No,Identity Assurance Services,ADR,,No,
Verified Email,The email address provided by an individual that has been verified with email delivery once (Personal or Business).,,No,Identity Assurance Services,ADR,,No,
Dependants ,"With respect to a parent, it means a child, other than a child who is 18 years of age and is a person with disabilities, who resides in the parent's place of residence for more than 50 per cent of each month and relies on that parent for the necessities of life. 

In relation to a dependent child, a parent includes but is not limited to:
•	A biological mother or father; 
•	An adoptive mother or father; 
•	A person with legal custody, other than a director under the Child, Family and Community Service Act or an administrator under the Adoption Act; 
•	A person with legal guardianship, other than a director under the Child, Family and Community Service Act or an administrator under the Adoption Act OR 
•	A person who is the parent of the parenting dependent child.",,No,Medical Service Plan,ADR,https://www2.gov.bc.ca/assets/gov/british-columbians-our-governments/policies-for-government/bc-employment-assistance-policy-procedure-manual/additional-resources/whatisthedefinitionofadependentchild.pdf,Yes,
Dependants,"In relation to another person, it means anyone who resides with the person and who is the spouse of the other person, or is a dependent child of the person, or indicates a parental role for the person's dependent child. 
Note: Adults are not considered to be dependants of each other on the sole basis of demonstrating a parental role towards the same child.

Dependant in the SDPR context refers to a child who lives with the applicant more than 50% of the time",,No,SDPR,ADR,https:// https://www2.gov.bc.ca/assets/gov/british-columbians-our-governments/policies-for-government/bc-employment-assistance-policy-procedure-manual/additional-resources/whatisthedefinitionofdependants.pdf,Yes,
Dependent children,"With respect to a parent, it means a child, other than a child who is 18 years of age and is a person with disabilities, who resides in the parent's place of residence for more than 50 per cent of each month and relies on that parent for the necessities of life. 

In relation to a dependent child, a parent includes but is not limited to:
•	A biological mother or father; 
•	An adoptive mother or father; 
•	A person with legal custody, other than a director under the Child, Family and Community Service Act or an administrator under the Adoption Act; 
•	A person with legal guardianship, other than a director under the Child, Family and Community Service Act or an administrator under the Adoption Act OR 
•	A person who is the parent of the parenting dependent child.",,No,SDPR,ADR,https://www2.gov.bc.ca/assets/gov/british-columbians-our-governments/policies-for-government/bc-employment-assistance-policy-procedure-manual/additional-resources/whatisthedefinitionofadependentchild.pdf,No,
Personal Health Number,"Each B.C. resident enrolled with the Medical Services Plan (MSP) is given a unique lifetime identifier for health care called a Personal Health Number (PHN). Your PHN remains the same, regardless of any changes to personal status, and can be found on your BC Services Card. ",,No,Medical Service Plan,ADR,https://www2.gov.bc.ca/gov/content/health/health-drug-coverage/msp/bc-residents/personal-health-identification,No,
